USE CinemaDB
GO
-- filling in start tables

--films
INSERT INTO Films VALUES
    ('Начало', '22.07.2010', 'К. Нолан', 162, 'Боевик', 8.8, 'inception.jpg'),
    ('Побег из Шоушенка', '14.10.1994', 'Ф. Доборант', 144, 'Драма', 9.3, 'shawshank.jpg'),
    ('Интерстеллар', '07.11.2014', 'К. Нолан', 169, 'Приключение', 8.6, 'interstellar.jpg'),
    ('Матрица', '31.03.1999', 'Братья Вачовски', 136, 'Боевик', 8.7, 'matrix.jpg'),
    ('Король лев', '24.06.1994', 'Р. Аллерс', 88, 'Анимационный', 8.5, 'lionking.jpg'), 
    ('Чужой', '22.06.1979', 'Р. Скотт', 117, 'Ужасы', 8.4, 'alien.jpg'),
    ('Валл-и', '27.06.2008', 'А. Стэнтон', 98, 'Анимационный', 8.4, 'walle.jpg'),
    ('Джокер', '04.10.2019', 'Т. Филлипс', 122, 'Драма', 8.4, 'joker.jpg'),
    ('Мстители: Война бесконечности', '27.04.2018', 'Братья Руссо', 160, 'Боевик', 8.4, 'avengers.jpg'),
    ('Бешеные псы', '02.09.1992', 'К. Тарантино', 99, 'Криминал', 8.3, 'reservoirdogs.jpg')
GO

--employeePositions
INSERT INTO EmployeePosition VALUES
    ('Администратор', 'Управляет кинотеатром. Нанимает персонал, ведет бухгалтерскую работу', 3, 120000),
    ('Менеджер по прокату', 'Управляет прокатом кинотеатра', 3, 80000),
    ('Менеджер по маркетингу', 'Управляет рекламой, продвижением кинотеатра. Работает с рекламодателями', 3, 90000),
    ('Киномеханик', 'Работает с кинолентами и аппаратурой', 2, 50000),
    ('Кассир', 'Работает на кассе или у зала', 1, 35000),
    ('Уборщик', 'Занимается уборкой', 1, 20000)
GO

--epmloyees
INSERT INTO Employees VALUES
    ('Администратор', 'Д. Кулаков', '1234456789', 20, '8005553535'),
    ('Менеджер по прокату', 'В. Пупкин', '8888777722', 10, '8005553535'),
    ('Менеджер по маркетингу', 'К. Пупкина', '1112223334', 12, '8005553535'),
    ('Киномеханик', 'А. Антонов', '9865321245', 50, '8005553535'),
    ('Кассир', 'А. Лопаткова', '6543216545', 5, '8005553535'),
    ('Кассир', 'М. Носов', '9876543211', 1, '8005553535'),
    ('Кассир', 'Е. Гуров', '9876555555', 3, '8005553535'),
    ('Уборщик', 'А. Мешкарева', '6665556665', 10, '8005553535'),
    ('Уборщик', 'А. Мешкарев', '6665556666', 7, '8005553535')
GO

--ticketTypes
INSERT INTO TicketTypes VALUES
    ('standart', 'билет без скидок', 0),
    ('child', 'детям до 6 включительно', 50),
    ('tuesday', 'акция на вечерние фильмы', 50)

--cashboxes
INSERT INTO Cashboxes VALUES
    (0, 24),
    (5, 12),
    (5, 5)
GO

INSERT INTO EmployeeCashbox VALUES 
    (5, 0),
    (5, 1),
    (6, 2)
GO

--seanceTypes
INSERT INTO SeanceTypes VALUES
    ('common', 'Обычный сеанс'),
    ('school', 'Групповой паказ для школьников'),
    ('limited', 'Показ старых или ограниченных в прокате фильмов')
GO

--cinemaHolls
INSERT INTO CinemaHolls VALUES
    (1, 10, 20),
    (0, 10, 15),
    (1, 10, 15),
    (0, 10, 15)
GO

--employeeHoll
INSERT INTO EmployeeHoll VALUES 
    (1, 7, 5),
    (2, 7, 5),
    (3, 7, 5),
    (4, 7, 5)
GO
--seances
INSERT INTO Seances VALUES
    (1, 1, '15.05.2021 12:30', 16, 'common', 200),
    (1, 2, '15.05.2021 13:30', 16, 'common', 200),
    (1, 3, '15.05.2021 14:30', 16, 'common', 200),
    (1, 4, '15.05.2021 15:30', 16, 'common', 200),
    (5, 1, '16.05.2021 10:45', 6, 'common', 200),
    (5, 2, '16.05.2021 12:45', 6, 'common', 200),
    (5, 3, '16.05.2021 15:45', 6, 'common', 200),
    (5, 4, '16.05.2021 16:45', 6, 'common', 200),
    (6, 1, '15.05.2021 18:30', 18, 'limited', 200),
    (6, 2, '15.05.2021 18:30', 18, 'limited', 200),
    (6, 2, '15.05.2021 22:30', 18, 'limited', 200),
    (6, 4, '15.05.2021 21:30', 18, 'limited', 200),
    (7, 1, '17.05.2021 11:15', 6, 'school', 200),
    (7, 2, '17.05.2021 11:15', 6, 'school', 200),
    (7, 3, '17.05.2021 11:15', 6, 'school', 200),
    (7, 4, '17.05.2021 11:15', 6, 'school', 200),
    (10, 1, '17.05.2021 20:30', 18, 'common', 200),
    (10, 2, '17.05.2021 21:45', 18, 'common', 200),
    (10, 3, '17.05.2021 22:30', 18, 'common', 200),
    (10, 4, '17.05.2021 18:15', 18, 'common', 200),
    (2, 1, '16.05.2021 21:30', 16, 'limited', 200),
    (9, 4, '16.05.2021 21:30', 16, 'common', 200)
GO

--advertisers
INSERT INTO Advertisers VALUES
    ('С. Есенин', 'РГУ', '8005553535'),
    ('А. Попов', 'РГРТУ', '8005553535') --resurrected
GO

--advertisings
INSERT INTO Advertising VALUES
    (3, 2, 'radio', 100, 10000),
    (3, 2, 'radio', 100, 10000),
    (3, 1, 'tourism', 120, 15000),
    (3, 1, 'tourism', 120, 15000)
GO

INSERT INTO AdvertisingSeance VALUES
    (1, 1),
    (1, 2),
    (1, 3),
    (2, 1),
    (2, 3)
GO
select* v